query_id,assessment_urls
Q1,"https://www.shl.com/products/test-322,https://www.shl.com/products/test-7,https://www.shl.com/products/test-107,https://www.shl.com/products/test-349,https://www.shl.com/products/test-91,https://www.shl.com/products/test-106,https://www.shl.com/products/test-173,https://www.shl.com/products/test-74,https://www.shl.com/products/test-87,https://www.shl.com/products/test-208"
Q2,"https://www.shl.com/products/test-168,https://www.shl.com/products/test-154,https://www.shl.com/products/test-39,https://www.shl.com/products/test-28,https://www.shl.com/products/test-21,https://www.shl.com/products/test-3,https://www.shl.com/products/test-286,https://www.shl.com/products/test-220,https://www.shl.com/products/test-149,https://www.shl.com/products/test-81"
Q3,"https://www.shl.com/products/test-267,https://www.shl.com/products/test-69,https://www.shl.com/products/test-262,https://www.shl.com/products/test-54,https://www.shl.com/products/test-68,https://www.shl.com/products/test-94,https://www.shl.com/products/test-48,https://www.shl.com/products/test-84,https://www.shl.com/products/test-102,https://www.shl.com/products/test-75"
Q4,"https://www.shl.com/products/test-267,https://www.shl.com/products/test-69,https://www.shl.com/products/test-80,https://www.shl.com/products/test-123,https://www.shl.com/products/test-132,https://www.shl.com/products/test-68,https://www.shl.com/products/test-11,https://www.shl.com/products/test-84,https://www.shl.com/products/test-8,https://www.shl.com/products/test-82"
Q5,"https://www.shl.com/products/test-154,https://www.shl.com/products/test-21,https://www.shl.com/products/test-168,https://www.shl.com/products/test-81,https://www.shl.com/products/test-121,https://www.shl.com/products/test-62,https://www.shl.com/products/test-39,https://www.shl.com/products/test-223,https://www.shl.com/products/test-28,https://www.shl.com/products/test-3"
Q6,"https://www.shl.com/products/test-106,https://www.shl.com/products/test-37,https://www.shl.com/products/test-7,https://www.shl.com/products/test-168,https://www.shl.com/products/test-3,https://www.shl.com/products/test-185,https://www.shl.com/products/test-12,https://www.shl.com/products/test-310,https://www.shl.com/products/test-14,https://www.shl.com/products/test-121"
Q7,"https://www.shl.com/products/test-73,https://www.shl.com/products/test-139,https://www.shl.com/products/test-97,https://www.shl.com/products/test-36,https://www.shl.com/products/test-96,https://www.shl.com/products/test-81,https://www.shl.com/products/test-85,https://www.shl.com/products/test-56,https://www.shl.com/products/test-347,https://www.shl.com/products/test-39"
Q8,"https://www.shl.com/products/test-97,https://www.shl.com/products/test-73,https://www.shl.com/products/test-222,https://www.shl.com/products/test-22,https://www.shl.com/products/test-36,https://www.shl.com/products/test-96,https://www.shl.com/products/test-6,https://www.shl.com/products/test-144,https://www.shl.com/products/test-272,https://www.shl.com/products/test-139"
Q9,"https://www.shl.com/products/test-91,https://www.shl.com/products/test-292,https://www.shl.com/products/test-106,https://www.shl.com/products/test-349,https://www.shl.com/products/test-239,https://www.shl.com/products/test-61,https://www.shl.com/products/test-229,https://www.shl.com/products/test-12,https://www.shl.com/products/test-221,https://www.shl.com/products/test-173"
Q10,"https://www.shl.com/products/test-321,https://www.shl.com/products/test-94,https://www.shl.com/products/test-375,https://www.shl.com/products/test-330,https://www.shl.com/products/test-337,https://www.shl.com/products/test-313,https://www.shl.com/products/test-298,https://www.shl.com/products/test-250,https://www.shl.com/products/test-11,https://www.shl.com/products/test-331"
